{
  "!comment!":"This file was auto-generated by `mix phx.digest`. Remove it and all generated artefacts with `mix phx.digest.clean --all`",
  "version":1,
  "latest":{"assets/app.css":"assets/app-76ea6341191c607af320c5c109730b3a.css","assets/app.js":"assets/app-6af24512d92bb883e89b5ee9e87366be.js","favicon.ico":"favicon-91f37b602a111216f1eef3aa337ad763.ico","images/flying-around-world.svg":"images/flying-around-world-0f00316cd198ce045d2ce07d279d6e2b.svg","images/folder.svg":"images/folder-3d97f4478dcd3a4312fa025b233c0e64.svg","images/logo.svg":"images/logo-06a11be1f2cdde2c851763d00bdd2e80.svg","images/post.svg":"images/post-5d5bc30114d93d460726643acc25e4cc.svg","images/welcome.png":"images/welcome-ac08f8b9312a58f9dbf63dc9c4272179.png","robots.txt":"robots-9e2c81b0855bbff2baa8371bc4a78186.txt"},
  "digests":{"assets/app-0763abc0130328789601769b72f9d872.js":{"digest":"0763abc0130328789601769b72f9d872","logical_path":"assets/app.js","mtime":63901191429,"sha512":"QUFFB7jhNtJ0+HLY+8W94+aLcEnIPLnecni0UxCDNxtbWRUyDY4TqqY9l1l8D9aCkaCnUNenqZOilm6v8lxniA==","size":121075},"assets/app-6af24512d92bb883e89b5ee9e87366be.js":{"size":121261,"sha512":"EvxTcoyI1lHbIBhWQfQmj8vFa3aaZgd2BQOZD9A1+2PniP6qMWvYB8SnCXqIQtCbArBC58OgmvKWVfeArmN4dg==","digest":"6af24512d92bb883e89b5ee9e87366be","mtime":63901417868,"logical_path":"assets/app.js"},"assets/app-76ea6341191c607af320c5c109730b3a.css":{"size":53220,"sha512":"MRvYHDbLU/xzghARPR+fJntKuXXm+xKaIdZaZaw4EWwhaoCkE67OZSkkFW/CepCdzXxM9nziHPAHr2iqI0K/dg==","digest":"76ea6341191c607af320c5c109730b3a","mtime":63901417868,"logical_path":"assets/app.css"},"favicon-91f37b602a111216f1eef3aa337ad763.ico":{"size":152,"sha512":"y5D/xgoUOylCdoGRuFAMXTnGS6aTXbeuotEw1nNzgCh2om6kyiGypJ6J7CNUig/e9KDxyJHODNT+FBAnwkfhxg==","digest":"91f37b602a111216f1eef3aa337ad763","mtime":63901417868,"logical_path":"favicon.ico"},"images/flying-around-world-0f00316cd198ce045d2ce07d279d6e2b.svg":{"size":129527,"sha512":"7vPa29ucDgRlzpBc38rHGd1hV7saB+JbzqNySwqDdG7zV3dqEATt01Mahq+p5ywZwyaClJjHEPydTXB43OM4Ig==","digest":"0f00316cd198ce045d2ce07d279d6e2b","mtime":63901417868,"logical_path":"images/flying-around-world.svg"},"images/folder-3d97f4478dcd3a4312fa025b233c0e64.svg":{"size":72543,"sha512":"PMhMy5yGv3hVnmvEoXz8idwGGRCQbclA8DEFdupReDDTYCVEBoyI8o+A2ES60H1EWbgilZAAqQhd+nz9zj7hfA==","digest":"3d97f4478dcd3a4312fa025b233c0e64","mtime":63901417868,"logical_path":"images/folder.svg"},"images/logo-06a11be1f2cdde2c851763d00bdd2e80.svg":{"size":3072,"sha512":"br80kSftytk0bvrHDIaa0fege4am30EsAlyvlJUXIbIzyKn7vrAoOywROBGX/oveaqGxHfF/qKyhSZ/WYNNO6w==","digest":"06a11be1f2cdde2c851763d00bdd2e80","mtime":63901417868,"logical_path":"images/logo.svg"},"images/post-5d5bc30114d93d460726643acc25e4cc.svg":{"size":102964,"sha512":"795+z3Mg/EC8BvnpVlccglubqDFMadzXbqyG/+U7ES4jbR4wvHV2pExCsqLgioNczox5fKL+D95NoDibAtPeEg==","digest":"5d5bc30114d93d460726643acc25e4cc","mtime":63901417868,"logical_path":"images/post.svg"},"images/welcome-ac08f8b9312a58f9dbf63dc9c4272179.png":{"size":2592293,"sha512":"D4QLCX0pFAE/tqk7d0ChQ7VQGE5w2ZX9TdcJysytzOFsw6JwfdMteuZAbtiZM/PURXyj7rkAC3qSgWxMe4i7dw==","digest":"ac08f8b9312a58f9dbf63dc9c4272179","mtime":63901417868,"logical_path":"images/welcome.png"},"robots-9e2c81b0855bbff2baa8371bc4a78186.txt":{"size":203,"sha512":"xbItKTfrkHgEWxk3S1qNTCr+mlz5yzeyGC2rcGhs1oKdf4N+D4T/WWt+qBnOnT4gMuKQ+PkgLFffla3w8rPBaQ==","digest":"9e2c81b0855bbff2baa8371bc4a78186","mtime":63901417868,"logical_path":"robots.txt"}}
}
